OA_2011,NHOOD_CODE,NHOOD_NAME
E00039953,1,High Green
E00039954,1,High Green
E00039955,1,High Green
E00039956,1,High Green
E00039957,1,High Green
E00039958,1,High Green
E00039961,1,High Green
E00039963,1,High Green
E00039990,1,High Green
E00039993,1,High Green
E00039994,1,High Green
E00039995,1,High Green
E00039996,1,High Green
E00039997,1,High Green
E00039998,1,High Green
E00040000,1,High Green
E00040001,1,High Green
E00040002,1,High Green
E00040003,1,High Green
E00040004,1,High Green
E00040005,1,High Green
E00040006,1,High Green
E00040007,1,High Green
E00040008,1,High Green
E00040009,1,High Green
E00040010,1,High Green
E00040011,1,High Green
E00040013,1,High Green
E00040016,1,High Green
E00172527,1,High Green
E00172543,1,High Green
E00172544,1,High Green
E00039965,2,Burncross
E00039966,2,Burncross
E00039968,2,Burncross
E00039971,2,Burncross
E00039973,2,Burncross
E00039974,2,Burncross
E00039978,2,Burncross
E00039981,2,Burncross
E00039982,2,Burncross
E00039983,2,Burncross
E00039985,2,Burncross
E00039986,2,Burncross
E00040019,2,Burncross
E00040021,2,Burncross
E00039947,3,Chapeltown
E00039948,3,Chapeltown
E00039949,3,Chapeltown
E00039950,3,Chapeltown
E00039951,3,Chapeltown
E00039952,3,Chapeltown
E00039962,3,Chapeltown
E00039964,3,Chapeltown
E00039967,3,Chapeltown
E00039969,3,Chapeltown
E00039970,3,Chapeltown
E00039972,3,Chapeltown
E00039975,3,Chapeltown
E00039976,3,Chapeltown
E00039977,3,Chapeltown
E00039979,3,Chapeltown
E00039980,3,Chapeltown
E00039984,3,Chapeltown
E00039987,3,Chapeltown
E00039988,3,Chapeltown
E00039989,3,Chapeltown
E00039991,3,Chapeltown
E00039992,3,Chapeltown
E00039999,3,Chapeltown
E00040012,3,Chapeltown
E00040014,3,Chapeltown
E00040015,3,Chapeltown
E00040017,3,Chapeltown
E00040018,3,Chapeltown
E00040020,3,Chapeltown
E00172516,3,Chapeltown
E00172517,3,Chapeltown
E00172538,3,Chapeltown
E00041223,4,Ecclesfield
E00041224,4,Ecclesfield
E00041225,4,Ecclesfield
E00041226,4,Ecclesfield
E00041230,4,Ecclesfield
E00041231,4,Ecclesfield
E00041234,4,Ecclesfield
E00041235,4,Ecclesfield
E00041237,4,Ecclesfield
E00041243,4,Ecclesfield
E00041244,4,Ecclesfield
E00041245,4,Ecclesfield
E00041247,4,Ecclesfield
E00041248,4,Ecclesfield
E00041249,4,Ecclesfield
E00172530,4,Ecclesfield
E00172536,4,Ecclesfield
E00041221,5,Grenoside
E00041222,5,Grenoside
E00041227,5,Grenoside
E00041228,5,Grenoside
E00041229,5,Grenoside
E00041233,5,Grenoside
E00041236,5,Grenoside
E00041238,5,Grenoside
E00041239,5,Grenoside
E00041240,5,Grenoside
E00041241,5,Grenoside
E00041242,5,Grenoside
E00041246,5,Grenoside
E00041250,5,Grenoside
E00041251,5,Grenoside
E00039747,6,Shiregreen
E00039756,6,Shiregreen
E00039757,6,Shiregreen
E00039777,6,Shiregreen
E00039779,6,Shiregreen
E00039780,6,Shiregreen
E00039781,6,Shiregreen
E00039782,6,Shiregreen
E00039783,6,Shiregreen
E00039784,6,Shiregreen
E00039785,6,Shiregreen
E00040804,6,Shiregreen
E00040808,6,Shiregreen
E00040812,6,Shiregreen
E00040813,6,Shiregreen
E00040814,6,Shiregreen
E00040817,6,Shiregreen
E00040819,6,Shiregreen
E00040820,6,Shiregreen
E00040821,6,Shiregreen
E00040824,6,Shiregreen
E00040825,6,Shiregreen
E00040828,6,Shiregreen
E00040829,6,Shiregreen
E00040832,6,Shiregreen
E00040834,6,Shiregreen
E00040835,6,Shiregreen
E00040838,6,Shiregreen
E00040839,6,Shiregreen
E00040840,6,Shiregreen
E00040841,6,Shiregreen
E00040842,6,Shiregreen
E00040843,6,Shiregreen
E00040844,6,Shiregreen
E00040846,6,Shiregreen
E00040847,6,Shiregreen
E00041124,7,New Parson Cross
E00041125,7,New Parson Cross
E00041126,7,New Parson Cross
E00041137,7,New Parson Cross
E00041138,7,New Parson Cross
E00041139,7,New Parson Cross
E00041140,7,New Parson Cross
E00041142,7,New Parson Cross
E00041143,7,New Parson Cross
E00041145,7,New Parson Cross
E00041146,7,New Parson Cross
E00041147,7,New Parson Cross
E00041148,7,New Parson Cross
E00041151,7,New Parson Cross
E00041152,7,New Parson Cross
E00041155,7,New Parson Cross
E00172479,7,New Parson Cross
E00040805,8,Colley
E00040806,8,Colley
E00040807,8,Colley
E00040815,8,Colley
E00040816,8,Colley
E00040818,8,Colley
E00040822,8,Colley
E00040823,8,Colley
E00040826,8,Colley
E00040827,8,Colley
E00040830,8,Colley
E00040831,8,Colley
E00040833,8,Colley
E00040836,8,Colley
E00040837,8,Colley
E00039748,9,Wincobank
E00039759,9,Wincobank
E00039760,9,Wincobank
E00039761,9,Wincobank
E00039763,9,Wincobank
E00039778,9,Wincobank
E00039786,9,Wincobank
E00039787,9,Wincobank
E00039789,9,Wincobank
E00039791,9,Wincobank
E00039792,9,Wincobank
E00039794,9,Wincobank
E00039795,9,Wincobank
E00039797,9,Wincobank
E00039798,9,Wincobank
E00039799,9,Wincobank
E00039750,10,Brightside
E00039751,10,Brightside
E00039752,10,Brightside
E00039753,10,Brightside
E00039754,10,Brightside
E00039755,10,Brightside
E00039768,10,Brightside
E00039770,10,Brightside
E00039771,10,Brightside
E00039772,10,Brightside
E00039773,10,Brightside
E00039774,10,Brightside
E00039775,10,Brightside
E00039776,10,Brightside
E00039749,11,Flower
E00039758,11,Flower
E00039762,11,Flower
E00039765,11,Flower
E00039766,11,Flower
E00039767,11,Flower
E00039788,11,Flower
E00039796,11,Flower
E00039793,12,Stubbin / Brushes
E00040257,12,Stubbin / Brushes
E00040258,12,Stubbin / Brushes
E00040261,12,Stubbin / Brushes
E00040266,12,Stubbin / Brushes
E00040270,12,Stubbin / Brushes
E00040271,12,Stubbin / Brushes
E00040801,12,Stubbin / Brushes
E00040803,12,Stubbin / Brushes
E00040810,12,Stubbin / Brushes
E00040811,12,Stubbin / Brushes
E00040850,12,Stubbin / Brushes
E00040852,12,Stubbin / Brushes
E00172545,12,Stubbin / Brushes
E00172546,12,Stubbin / Brushes
E00039764,13,Firth Park
E00039769,13,Firth Park
E00040229,13,Firth Park
E00040232,13,Firth Park
E00039871,14,Fir Vale
E00039872,14,Fir Vale
E00039873,14,Fir Vale
E00039878,14,Fir Vale
E00040216,14,Fir Vale
E00040218,14,Fir Vale
E00040236,14,Fir Vale
E00040237,14,Fir Vale
E00040238,14,Fir Vale
E00040239,14,Fir Vale
E00040240,14,Fir Vale
E00040241,14,Fir Vale
E00040242,14,Fir Vale
E00040245,14,Fir Vale
E00040247,14,Fir Vale
E00040248,14,Fir Vale
E00040249,14,Fir Vale
E00040250,14,Fir Vale
E00040252,14,Fir Vale
E00040253,14,Fir Vale
E00172424,14,Fir Vale
E00172425,14,Fir Vale
E00172430,14,Fir Vale
E00041254,15,Stocksbridge
E00041256,15,Stocksbridge
E00041258,15,Stocksbridge
E00041259,15,Stocksbridge
E00041260,15,Stocksbridge
E00041261,15,Stocksbridge
E00041262,15,Stocksbridge
E00041263,15,Stocksbridge
E00041264,15,Stocksbridge
E00041269,15,Stocksbridge
E00041270,15,Stocksbridge
E00041274,15,Stocksbridge
E00041275,15,Stocksbridge
E00041279,15,Stocksbridge
E00041283,15,Stocksbridge
E00041284,15,Stocksbridge
E00041285,15,Stocksbridge
E00041286,15,Stocksbridge
E00041287,15,Stocksbridge
E00041288,15,Stocksbridge
E00041289,15,Stocksbridge
E00041290,15,Stocksbridge
E00041291,15,Stocksbridge
E00041292,15,Stocksbridge
E00041293,15,Stocksbridge
E00041296,15,Stocksbridge
E00041252,16,Deepcar
E00041253,16,Deepcar
E00041255,16,Deepcar
E00041257,16,Deepcar
E00041265,16,Deepcar
E00041266,16,Deepcar
E00041267,16,Deepcar
E00041268,16,Deepcar
E00041271,16,Deepcar
E00041272,16,Deepcar
E00041276,16,Deepcar
E00041277,16,Deepcar
E00041278,16,Deepcar
E00041280,16,Deepcar
E00041281,16,Deepcar
E00041282,16,Deepcar
E00041294,16,Deepcar
E00041295,16,Deepcar
E00041297,16,Deepcar
E00040800,17,Old Parson Cross
E00040802,17,Old Parson Cross
E00040845,17,Old Parson Cross
E00040848,17,Old Parson Cross
E00040849,17,Old Parson Cross
E00040851,17,Old Parson Cross
E00040854,17,Old Parson Cross
E00040967,17,Old Parson Cross
E00040976,17,Old Parson Cross
E00040994,17,Old Parson Cross
E00041123,17,Old Parson Cross
E00041128,17,Old Parson Cross
E00041129,17,Old Parson Cross
E00041132,17,Old Parson Cross
E00041149,17,Old Parson Cross
E00041150,17,Old Parson Cross
E00041153,17,Old Parson Cross
E00041154,17,Old Parson Cross
E00041157,17,Old Parson Cross
E00041158,17,Old Parson Cross
E00041159,17,Old Parson Cross
E00041160,17,Old Parson Cross
E00041161,17,Old Parson Cross
E00041162,17,Old Parson Cross
E00041163,17,Old Parson Cross
E00041164,17,Old Parson Cross
E00041165,17,Old Parson Cross
E00041166,17,Old Parson Cross
E00041167,17,Old Parson Cross
E00041169,17,Old Parson Cross
E00041171,17,Old Parson Cross
E00172486,17,Old Parson Cross
E00040221,18,Longley
E00040223,18,Longley
E00040224,18,Longley
E00040225,18,Longley
E00040226,18,Longley
E00040227,18,Longley
E00040231,18,Longley
E00040234,18,Longley
E00040254,18,Longley
E00040255,18,Longley
E00040256,18,Longley
E00040259,18,Longley
E00040260,18,Longley
E00040262,18,Longley
E00040263,18,Longley
E00040264,18,Longley
E00040265,18,Longley
E00040267,18,Longley
E00040269,18,Longley
E00040809,18,Longley
E00040853,18,Longley
E00040106,19,Rural Area
E00040296,19,Rural Area
E00041175,19,Rural Area
E00041195,19,Rural Area
E00041197,19,Rural Area
E00041198,19,Rural Area
E00041199,19,Rural Area
E00041273,19,Rural Area
E00041326,19,Rural Area
E00039876,20,Shirecliffe
E00040217,20,Shirecliffe
E00040219,20,Shirecliffe
E00040230,20,Shirecliffe
E00040235,20,Shirecliffe
E00040243,20,Shirecliffe
E00040244,20,Shirecliffe
E00040246,20,Shirecliffe
E00040251,20,Shirecliffe
E00041006,20,Shirecliffe
E00041008,20,Shirecliffe
E00041011,20,Shirecliffe
E00041012,20,Shirecliffe
E00041013,20,Shirecliffe
E00041014,20,Shirecliffe
E00041015,20,Shirecliffe
E00040222,21,Southey Green
E00040228,21,Southey Green
E00040233,21,Southey Green
E00040268,21,Southey Green
E00040969,21,Southey Green
E00040970,21,Southey Green
E00040972,21,Southey Green
E00040973,21,Southey Green
E00040999,21,Southey Green
E00041000,21,Southey Green
E00041002,21,Southey Green
E00041003,21,Southey Green
E00041004,21,Southey Green
E00041130,21,Southey Green
E00041131,21,Southey Green
E00041133,21,Southey Green
E00041134,21,Southey Green
E00041135,21,Southey Green
E00041136,21,Southey Green
E00041168,21,Southey Green
E00041176,22,Oughtibridge
E00041177,22,Oughtibridge
E00041183,22,Oughtibridge
E00041184,22,Oughtibridge
E00041185,22,Oughtibridge
E00041186,22,Oughtibridge
E00041187,22,Oughtibridge
E00041188,22,Oughtibridge
E00041189,22,Oughtibridge
E00041190,22,Oughtibridge
E00041219,22,Oughtibridge
E00041220,22,Oughtibridge
E00041174,23,Wharncliffe Side
E00041215,23,Wharncliffe Side
E00041216,23,Wharncliffe Side
E00041217,23,Wharncliffe Side
E00041218,23,Wharncliffe Side
E00041179,24,Worrall
E00041192,24,Worrall
E00041193,24,Worrall
E00172455,24,Worrall
E00172518,24,Worrall
E00040971,25,Middlewood
E00040974,25,Middlewood
E00040997,25,Middlewood
E00040998,25,Middlewood
E00041001,25,Middlewood
E00041005,25,Middlewood
E00041007,25,Middlewood
E00041009,25,Middlewood
E00041010,25,Middlewood
E00172456,25,Middlewood
E00172457,25,Middlewood
E00172519,25,Middlewood
E00172520,25,Middlewood
E00172521,25,Middlewood
E00172522,25,Middlewood
E00172523,25,Middlewood
E00040968,26,Fox Hill
E00040977,26,Fox Hill
E00040978,26,Fox Hill
E00040979,26,Fox Hill
E00040980,26,Fox Hill
E00040981,26,Fox Hill
E00040982,26,Fox Hill
E00040983,26,Fox Hill
E00040984,26,Fox Hill
E00040985,26,Fox Hill
E00040986,26,Fox Hill
E00040987,26,Fox Hill
E00040988,26,Fox Hill
E00040989,26,Fox Hill
E00040990,26,Fox Hill
E00040991,26,Fox Hill
E00040992,26,Fox Hill
E00040993,26,Fox Hill
E00040995,26,Fox Hill
E00040996,26,Fox Hill
E00040462,27,Wadsley
E00040464,27,Wadsley
E00040480,27,Wadsley
E00040507,27,Wadsley
E00040508,27,Wadsley
E00040509,27,Wadsley
E00040510,27,Wadsley
E00040511,27,Wadsley
E00040512,27,Wadsley
E00040513,27,Wadsley
E00040514,27,Wadsley
E00040515,27,Wadsley
E00040516,27,Wadsley
E00040517,27,Wadsley
E00040519,27,Wadsley
E00040520,27,Wadsley
E00040521,27,Wadsley
E00040522,27,Wadsley
E00041180,28,Loxley
E00041181,28,Loxley
E00041182,28,Loxley
E00041196,28,Loxley
E00041200,28,Loxley
E00041201,28,Loxley
E00040465,29,Wisewood
E00040466,29,Wisewood
E00040468,29,Wisewood
E00040472,29,Wisewood
E00040474,29,Wisewood
E00040481,29,Wisewood
E00040482,29,Wisewood
E00040484,29,Wisewood
E00040487,29,Wisewood
E00040488,29,Wisewood
E00040491,29,Wisewood
E00040493,29,Wisewood
E00040463,30,Hillsborough
E00040467,30,Hillsborough
E00040469,30,Hillsborough
E00040470,30,Hillsborough
E00040471,30,Hillsborough
E00040473,30,Hillsborough
E00040483,30,Hillsborough
E00040485,30,Hillsborough
E00040486,30,Hillsborough
E00040489,30,Hillsborough
E00040490,30,Hillsborough
E00040492,30,Hillsborough
E00040494,30,Hillsborough
E00040495,30,Hillsborough
E00040496,30,Hillsborough
E00040497,30,Hillsborough
E00040498,30,Hillsborough
E00040499,30,Hillsborough
E00040518,30,Hillsborough
E00040523,30,Hillsborough
E00040524,30,Hillsborough
E00041016,30,Hillsborough
E00041017,30,Hillsborough
E00041018,30,Hillsborough
E00041019,30,Hillsborough
E00039856,31,Firshill
E00039879,31,Firshill
E00039881,31,Firshill
E00039885,31,Firshill
E00039886,31,Firshill
E00039888,31,Firshill
E00039892,31,Firshill
E00039854,32,Woodside
E00039861,32,Woodside
E00039863,32,Woodside
E00039864,32,Woodside
E00039865,32,Woodside
E00039867,32,Woodside
E00039868,32,Woodside
E00039869,32,Woodside
E00039870,32,Woodside
E00039895,32,Woodside
E00172429,32,Woodside
E00172433,32,Woodside
E00172434,32,Woodside
E00172513,32,Woodside
E00172514,32,Woodside
E00172515,32,Woodside
E00039851,33,Abbeyfield
E00039853,33,Abbeyfield
E00039882,33,Abbeyfield
E00039883,33,Abbeyfield
E00039884,33,Abbeyfield
E00039887,33,Abbeyfield
E00039889,33,Abbeyfield
E00039890,33,Abbeyfield
E00039852,34,Burngreave
E00039858,34,Burngreave
E00039859,34,Burngreave
E00039860,34,Burngreave
E00039862,34,Burngreave
E00039866,34,Burngreave
E00039877,34,Burngreave
E00039880,34,Burngreave
E00039891,34,Burngreave
E00039893,34,Burngreave
E00039894,34,Burngreave
E00039896,34,Burngreave
E00172428,34,Burngreave
E00172431,34,Burngreave
E00040027,35,Tinsley
E00040028,35,Tinsley
E00040029,35,Tinsley
E00040030,35,Tinsley
E00040037,35,Tinsley
E00040038,35,Tinsley
E00040039,35,Tinsley
E00040040,35,Tinsley
E00040041,35,Tinsley
E00040042,35,Tinsley
E00040083,35,Tinsley
E00040084,35,Tinsley
E00040085,35,Tinsley
E00039898,36,Darnall
E00039943,36,Darnall
E00039944,36,Darnall
E00039945,36,Darnall
E00040031,36,Darnall
E00040033,36,Darnall
E00040044,36,Darnall
E00040045,36,Darnall
E00040046,36,Darnall
E00040047,36,Darnall
E00040048,36,Darnall
E00040049,36,Darnall
E00040050,36,Darnall
E00040051,36,Darnall
E00040052,36,Darnall
E00040053,36,Darnall
E00040054,36,Darnall
E00040056,36,Darnall
E00040057,36,Darnall
E00040058,36,Darnall
E00172426,36,Darnall
E00172453,36,Darnall
E00172489,36,Darnall
E00172491,36,Darnall
E00040034,37,Housteads
E00040035,37,Housteads
E00040043,37,Housteads
E00040059,37,Housteads
E00040060,37,Housteads
E00040061,37,Housteads
E00040062,37,Housteads
E00040063,37,Housteads
E00040064,37,Housteads
E00040065,37,Housteads
E00040066,37,Housteads
E00040067,37,Housteads
E00040068,37,Housteads
E00040022,38,Handsworth
E00040023,38,Handsworth
E00040024,38,Handsworth
E00040025,38,Handsworth
E00040026,38,Handsworth
E00040069,38,Handsworth
E00040070,38,Handsworth
E00040071,38,Handsworth
E00040072,38,Handsworth
E00040073,38,Handsworth
E00040074,38,Handsworth
E00040075,38,Handsworth
E00040076,38,Handsworth
E00040077,38,Handsworth
E00040078,38,Handsworth
E00040079,38,Handsworth
E00040080,38,Handsworth
E00040081,38,Handsworth
E00040082,38,Handsworth
E00040334,38,Handsworth
E00040335,38,Handsworth
E00040336,38,Handsworth
E00040337,38,Handsworth
E00040357,38,Handsworth
E00040389,38,Handsworth
E00040390,38,Handsworth
E00040391,38,Handsworth
E00040392,38,Handsworth
E00040393,38,Handsworth
E00040394,38,Handsworth
E00040395,38,Handsworth
E00040396,38,Handsworth
E00040397,38,Handsworth
E00172490,38,Handsworth
E00172535,38,Handsworth
E00040338,39,Woodhouse
E00040339,39,Woodhouse
E00040340,39,Woodhouse
E00040342,39,Woodhouse
E00040343,39,Woodhouse
E00040345,39,Woodhouse
E00040346,39,Woodhouse
E00040347,39,Woodhouse
E00040348,39,Woodhouse
E00040351,39,Woodhouse
E00040352,39,Woodhouse
E00040355,39,Woodhouse
E00040356,39,Woodhouse
E00040358,39,Woodhouse
E00040359,39,Woodhouse
E00040361,39,Woodhouse
E00040362,39,Woodhouse
E00040363,39,Woodhouse
E00040366,39,Woodhouse
E00040369,39,Woodhouse
E00040371,39,Woodhouse
E00040373,39,Woodhouse
E00040375,39,Woodhouse
E00040376,39,Woodhouse
E00040377,39,Woodhouse
E00040378,39,Woodhouse
E00040380,39,Woodhouse
E00040381,39,Woodhouse
E00040382,39,Woodhouse
E00040383,39,Woodhouse
E00040384,39,Woodhouse
E00040385,39,Woodhouse
E00040386,39,Woodhouse
E00040388,39,Woodhouse
E00040398,39,Woodhouse
E00172525,39,Woodhouse
E00172541,39,Woodhouse
E00040637,40,Halfway
E00040639,40,Halfway
E00040640,40,Halfway
E00040641,40,Halfway
E00040681,40,Halfway
E00040684,40,Halfway
E00040689,40,Halfway
E00040691,40,Halfway
E00040693,40,Halfway
E00040694,40,Halfway
E00040695,40,Halfway
E00172402,40,Halfway
E00172437,40,Halfway
E00172438,40,Halfway
E00040631,41,Westfield
E00040633,41,Westfield
E00040663,41,Westfield
E00040664,41,Westfield
E00040665,41,Westfield
E00040666,41,Westfield
E00040672,41,Westfield
E00040674,41,Westfield
E00040675,41,Westfield
E00040676,41,Westfield
E00040677,41,Westfield
E00040679,41,Westfield
E00172435,41,Westfield
E00172436,41,Westfield
E00040650,42,Sothall
E00040652,42,Sothall
E00040653,42,Sothall
E00040654,42,Sothall
E00040658,42,Sothall
E00040659,42,Sothall
E00040660,42,Sothall
E00040671,42,Sothall
E00040716,42,Sothall
E00040720,42,Sothall
E00040726,42,Sothall
E00040727,42,Sothall
E00040732,42,Sothall
E00040738,42,Sothall
E00040740,42,Sothall
E00040741,42,Sothall
E00040657,43,Waterthorpe
E00040661,43,Waterthorpe
E00040667,43,Waterthorpe
E00040717,43,Waterthorpe
E00040725,43,Waterthorpe
E00040729,43,Waterthorpe
E00040730,43,Waterthorpe
E00040734,43,Waterthorpe
E00040736,43,Waterthorpe
E00040737,43,Waterthorpe
E00040739,43,Waterthorpe
E00040742,43,Waterthorpe
E00040743,43,Waterthorpe
E00040744,43,Waterthorpe
E00040745,43,Waterthorpe
E00040642,44,Beighton
E00040643,44,Beighton
E00040644,44,Beighton
E00040645,44,Beighton
E00040646,44,Beighton
E00040648,44,Beighton
E00040649,44,Beighton
E00040696,44,Beighton
E00040697,44,Beighton
E00040698,44,Beighton
E00040699,44,Beighton
E00040700,44,Beighton
E00040702,44,Beighton
E00040703,44,Beighton
E00040708,44,Beighton
E00040710,44,Beighton
E00040714,44,Beighton
E00040715,44,Beighton
E00040724,44,Beighton
E00040632,45,Mosborough
E00040634,45,Mosborough
E00040635,45,Mosborough
E00040638,45,Mosborough
E00040668,45,Mosborough
E00040669,45,Mosborough
E00040670,45,Mosborough
E00040673,45,Mosborough
E00040678,45,Mosborough
E00040682,45,Mosborough
E00040683,45,Mosborough
E00040685,45,Mosborough
E00040686,45,Mosborough
E00040687,45,Mosborough
E00040688,45,Mosborough
E00040690,45,Mosborough
E00165810,45,Mosborough
E00040651,46,Owlthorpe
E00040655,46,Owlthorpe
E00040656,46,Owlthorpe
E00040718,46,Owlthorpe
E00040719,46,Owlthorpe
E00040721,46,Owlthorpe
E00040722,46,Owlthorpe
E00040723,46,Owlthorpe
E00040728,46,Owlthorpe
E00040731,46,Owlthorpe
E00040733,46,Owlthorpe
E00040735,46,Owlthorpe
E00172403,46,Owlthorpe
E00172511,46,Owlthorpe
E00039683,47,Hackenthorpe
E00039684,47,Hackenthorpe
E00039685,47,Hackenthorpe
E00039686,47,Hackenthorpe
E00039687,47,Hackenthorpe
E00039699,47,Hackenthorpe
E00039702,47,Hackenthorpe
E00039735,47,Hackenthorpe
E00039738,47,Hackenthorpe
E00039742,47,Hackenthorpe
E00039745,47,Hackenthorpe
E00040647,47,Hackenthorpe
E00040701,47,Hackenthorpe
E00040704,47,Hackenthorpe
E00040705,47,Hackenthorpe
E00040706,47,Hackenthorpe
E00040707,47,Hackenthorpe
E00040709,47,Hackenthorpe
E00040711,47,Hackenthorpe
E00040712,47,Hackenthorpe
E00040713,47,Hackenthorpe
E00040341,48,Richmond
E00040344,48,Richmond
E00040349,48,Richmond
E00040350,48,Richmond
E00040353,48,Richmond
E00040354,48,Richmond
E00040360,48,Richmond
E00040364,48,Richmond
E00040365,48,Richmond
E00040368,48,Richmond
E00040370,48,Richmond
E00040372,48,Richmond
E00040374,48,Richmond
E00040379,48,Richmond
E00040387,48,Richmond
E00040530,49,Woodthorpe
E00040531,49,Woodthorpe
E00040532,49,Woodthorpe
E00040533,49,Woodthorpe
E00040566,49,Woodthorpe
E00040567,49,Woodthorpe
E00040568,49,Woodthorpe
E00040569,49,Woodthorpe
E00040570,49,Woodthorpe
E00040571,49,Woodthorpe
E00040572,49,Woodthorpe
E00040573,49,Woodthorpe
E00040574,49,Woodthorpe
E00040575,49,Woodthorpe
E00040576,49,Woodthorpe
E00040577,49,Woodthorpe
E00040578,49,Woodthorpe
E00040579,49,Woodthorpe
E00040580,49,Woodthorpe
E00040588,50,Manor
E00040592,50,Manor
E00040595,50,Manor
E00040603,50,Manor
E00040604,50,Manor
E00040606,50,Manor
E00040607,50,Manor
E00040608,50,Manor
E00040609,50,Manor
E00040610,50,Manor
E00040611,50,Manor
E00040612,50,Manor
E00040613,50,Manor
E00040614,50,Manor
E00040615,50,Manor
E00040616,50,Manor
E00040617,50,Manor
E00040618,50,Manor
E00040619,50,Manor
E00040620,50,Manor
E00040621,50,Manor
E00040622,50,Manor
E00040623,50,Manor
E00040624,50,Manor
E00040626,50,Manor
E00040628,50,Manor
E00040629,50,Manor
E00172432,50,Manor
E00172439,50,Manor
E00172440,50,Manor
E00172461,50,Manor
E00172462,50,Manor
E00172463,50,Manor
E00040589,51,Acres Hill
E00040590,51,Acres Hill
E00040591,51,Acres Hill
E00040596,51,Acres Hill
E00040597,51,Acres Hill
E00040598,51,Acres Hill
E00040599,51,Acres Hill
E00040600,51,Acres Hill
E00040601,51,Acres Hill
E00040602,51,Acres Hill
E00040605,51,Acres Hill
E00039897,52,Wybourn
E00039899,52,Wybourn
E00039902,52,Wybourn
E00039906,52,Wybourn
E00039907,52,Wybourn
E00039908,52,Wybourn
E00039911,52,Wybourn
E00039912,52,Wybourn
E00039913,52,Wybourn
E00039914,52,Wybourn
E00039917,52,Wybourn
E00039918,52,Wybourn
E00039919,52,Wybourn
E00039920,52,Wybourn
E00039922,52,Wybourn
E00039923,52,Wybourn
E00039924,52,Wybourn
E00039926,52,Wybourn
E00039929,52,Wybourn
E00039933,52,Wybourn
E00039935,52,Wybourn
E00039942,52,Wybourn
E00039946,52,Wybourn
E00172465,52,Wybourn
E00039910,53,Park Hill
E00172427,53,Park Hill
E00172492,53,Park Hill
E00172509,53,Park Hill
E00172510,53,Park Hill
E00039900,54,Granville
E00039921,54,Granville
E00039925,54,Granville
E00039931,54,Granville
E00039932,54,Granville
E00039934,54,Granville
E00039936,54,Granville
E00039937,54,Granville
E00039938,54,Granville
E00039939,54,Granville
E00039940,54,Granville
E00172473,54,Granville
E00041021,55,Arbourthorne
E00041022,55,Arbourthorne
E00041026,55,Arbourthorne
E00041027,55,Arbourthorne
E00041030,55,Arbourthorne
E00041031,55,Arbourthorne
E00041032,55,Arbourthorne
E00041036,55,Arbourthorne
E00041038,55,Arbourthorne
E00041039,55,Arbourthorne
E00041041,55,Arbourthorne
E00041044,55,Arbourthorne
E00041045,55,Arbourthorne
E00041048,55,Arbourthorne
E00041049,55,Arbourthorne
E00041050,55,Arbourthorne
E00041051,55,Arbourthorne
E00041062,55,Arbourthorne
E00041063,55,Arbourthorne
E00041065,55,Arbourthorne
E00172464,55,Arbourthorne
E00172470,55,Arbourthorne
E00039941,56,Norfolk Park
E00040405,56,Norfolk Park
E00041020,56,Norfolk Park
E00041024,56,Norfolk Park
E00041029,56,Norfolk Park
E00041035,56,Norfolk Park
E00041037,56,Norfolk Park
E00041040,56,Norfolk Park
E00041046,56,Norfolk Park
E00041052,56,Norfolk Park
E00041055,56,Norfolk Park
E00041057,56,Norfolk Park
E00041060,56,Norfolk Park
E00041064,56,Norfolk Park
E00172466,56,Norfolk Park
E00172467,56,Norfolk Park
E00172468,56,Norfolk Park
E00172469,56,Norfolk Park
E00172471,56,Norfolk Park
E00172474,56,Norfolk Park
E00172475,56,Norfolk Park
E00172476,56,Norfolk Park
E00172477,56,Norfolk Park
E00172526,56,Norfolk Park
E00172472,56,Norfolk Park
E00040411,57,Gleadless
E00040442,57,Gleadless
E00040525,57,Gleadless
E00040527,57,Gleadless
E00040528,57,Gleadless
E00040539,57,Gleadless
E00040546,57,Gleadless
E00040547,57,Gleadless
E00040549,57,Gleadless
E00040551,57,Gleadless
E00040553,57,Gleadless
E00040555,57,Gleadless
E00040557,57,Gleadless
E00040558,57,Gleadless
E00040585,57,Gleadless
E00039692,58,Hollins End
E00040526,58,Hollins End
E00040534,58,Hollins End
E00040535,58,Hollins End
E00040536,58,Hollins End
E00040537,58,Hollins End
E00040538,58,Hollins End
E00040540,58,Hollins End
E00040541,58,Hollins End
E00040542,58,Hollins End
E00040543,58,Hollins End
E00040544,58,Hollins End
E00040545,58,Hollins End
E00040548,58,Hollins End
E00040581,58,Hollins End
E00040582,58,Hollins End
E00040583,58,Hollins End
E00040584,58,Hollins End
E00040586,58,Hollins End
E00040587,58,Hollins End
E00039688,59,Birley
E00039690,59,Birley
E00039695,59,Birley
E00039696,59,Birley
E00039697,59,Birley
E00039701,59,Birley
E00039704,59,Birley
E00039706,59,Birley
E00039709,59,Birley
E00039712,59,Birley
E00039715,59,Birley
E00039724,59,Birley
E00039726,59,Birley
E00039727,59,Birley
E00039728,59,Birley
E00039729,59,Birley
E00039731,59,Birley
E00039732,59,Birley
E00039733,59,Birley
E00039736,59,Birley
E00039737,59,Birley
E00039739,59,Birley
E00039740,59,Birley
E00039743,59,Birley
E00172487,59,Birley
E00172488,59,Birley
E00039698,60,Base Green
E00039700,60,Base Green
E00039703,60,Base Green
E00039705,60,Base Green
E00039713,60,Base Green
E00039730,60,Base Green
E00039734,60,Base Green
E00039741,60,Base Green
E00039744,60,Base Green
E00039746,60,Base Green
E00040529,60,Base Green
E00040550,60,Base Green
E00040552,60,Base Green
E00040554,60,Base Green
E00040556,60,Base Green
E00039691,61,Charnock
E00039707,61,Charnock
E00039708,61,Charnock
E00039710,61,Charnock
E00039714,61,Charnock
E00039716,61,Charnock
E00039717,61,Charnock
E00039718,61,Charnock
E00039719,61,Charnock
E00039720,61,Charnock
E00039721,61,Charnock
E00039722,61,Charnock
E00040400,62,Gleadless Valley
E00040407,62,Gleadless Valley
E00040424,62,Gleadless Valley
E00040425,62,Gleadless Valley
E00040426,62,Gleadless Valley
E00040431,62,Gleadless Valley
E00040432,62,Gleadless Valley
E00040443,62,Gleadless Valley
E00040447,62,Gleadless Valley
E00040448,62,Gleadless Valley
E00040450,62,Gleadless Valley
E00040456,62,Gleadless Valley
E00040559,62,Gleadless Valley
E00040560,62,Gleadless Valley
E00040561,62,Gleadless Valley
E00040562,62,Gleadless Valley
E00040563,62,Gleadless Valley
E00040564,62,Gleadless Valley
E00040565,62,Gleadless Valley
E00040934,62,Gleadless Valley
E00040935,62,Gleadless Valley
E00040936,62,Gleadless Valley
E00040926,63,Hemsworth
E00040927,63,Hemsworth
E00040938,63,Hemsworth
E00040939,63,Hemsworth
E00040940,63,Hemsworth
E00040941,63,Hemsworth
E00040942,63,Hemsworth
E00040944,63,Hemsworth
E00040945,63,Hemsworth
E00040946,63,Hemsworth
E00040948,63,Hemsworth
E00040949,63,Hemsworth
E00040950,63,Hemsworth
E00040951,63,Hemsworth
E00172524,63,Hemsworth
E00039638,64,Norton
E00039649,64,Norton
E00039653,64,Norton
E00039657,64,Norton
E00040911,64,Norton
E00040912,64,Norton
E00040947,64,Norton
E00040952,64,Norton
E00040953,64,Norton
E00040954,64,Norton
E00040955,64,Norton
E00040957,64,Norton
E00040958,64,Norton
E00040914,65,Batemoor / Jordanthorpe
E00040915,65,Batemoor / Jordanthorpe
E00040916,65,Batemoor / Jordanthorpe
E00040917,65,Batemoor / Jordanthorpe
E00040919,65,Batemoor / Jordanthorpe
E00040921,65,Batemoor / Jordanthorpe
E00040923,65,Batemoor / Jordanthorpe
E00040924,65,Batemoor / Jordanthorpe
E00040929,65,Batemoor / Jordanthorpe
E00040930,65,Batemoor / Jordanthorpe
E00040931,65,Batemoor / Jordanthorpe
E00040932,65,Batemoor / Jordanthorpe
E00040933,65,Batemoor / Jordanthorpe
E00040962,65,Batemoor / Jordanthorpe
E00040965,65,Batemoor / Jordanthorpe
E00039663,66,Lowedges
E00039665,66,Lowedges
E00040086,66,Lowedges
E00040101,66,Lowedges
E00040102,66,Lowedges
E00040108,66,Lowedges
E00040109,66,Lowedges
E00040115,66,Lowedges
E00040116,66,Lowedges
E00040119,66,Lowedges
E00040122,66,Lowedges
E00040127,66,Lowedges
E00040128,66,Lowedges
E00040129,66,Lowedges
E00040130,66,Lowedges
E00040131,66,Lowedges
E00040134,66,Lowedges
E00040918,66,Lowedges
E00040920,66,Lowedges
E00040922,66,Lowedges
E00040925,66,Lowedges
E00040928,66,Lowedges
E00040963,66,Lowedges
E00040964,66,Lowedges
E00040966,66,Lowedges
E00039623,67,Greenhill
E00039637,67,Greenhill
E00039640,67,Greenhill
E00039645,67,Greenhill
E00039648,67,Greenhill
E00039650,67,Greenhill
E00039651,67,Greenhill
E00039652,67,Greenhill
E00039654,67,Greenhill
E00039655,67,Greenhill
E00039656,67,Greenhill
E00039658,67,Greenhill
E00039659,67,Greenhill
E00039660,67,Greenhill
E00039661,67,Greenhill
E00039662,67,Greenhill
E00039664,67,Greenhill
E00040913,67,Greenhill
E00040956,67,Greenhill
E00040959,67,Greenhill
E00040960,67,Greenhill
E00040961,67,Greenhill
E00039621,68,Beauchief
E00039622,68,Beauchief
E00039641,68,Beauchief
E00039642,68,Beauchief
E00039643,68,Beauchief
E00039644,68,Beauchief
E00039646,68,Beauchief
E00039647,68,Beauchief
E00039619,69,Woodseats
E00039620,69,Woodseats
E00039624,69,Woodseats
E00039626,69,Woodseats
E00039629,69,Woodseats
E00039630,69,Woodseats
E00039631,69,Woodseats
E00039632,69,Woodseats
E00039633,69,Woodseats
E00039636,69,Woodseats
E00039639,69,Woodseats
E00039666,69,Woodseats
E00039670,69,Woodseats
E00039671,69,Woodseats
E00039673,69,Woodseats
E00039674,69,Woodseats
E00039676,69,Woodseats
E00039677,69,Woodseats
E00039679,69,Woodseats
E00039680,69,Woodseats
E00039681,69,Woodseats
E00039682,69,Woodseats
E00040402,69,Woodseats
E00040441,69,Woodseats
E00040452,69,Woodseats
E00040457,69,Woodseats
E00040459,69,Woodseats
E00040460,69,Woodseats
E00040461,69,Woodseats
E00039625,70,Meersbrook
E00039627,70,Meersbrook
E00039628,70,Meersbrook
E00039634,70,Meersbrook
E00039635,70,Meersbrook
E00039667,70,Meersbrook
E00039668,70,Meersbrook
E00039669,70,Meersbrook
E00039672,70,Meersbrook
E00039675,70,Meersbrook
E00039678,70,Meersbrook
E00040399,70,Meersbrook
E00040401,70,Meersbrook
E00040408,70,Meersbrook
E00040410,70,Meersbrook
E00040412,70,Meersbrook
E00040434,70,Meersbrook
E00040435,70,Meersbrook
E00040439,70,Meersbrook
E00040444,70,Meersbrook
E00040445,70,Meersbrook
E00040446,70,Meersbrook
E00040449,70,Meersbrook
E00040451,70,Meersbrook
E00040453,70,Meersbrook
E00040454,70,Meersbrook
E00040455,70,Meersbrook
E00040458,70,Meersbrook
E00040403,71,Heeley
E00040404,71,Heeley
E00040406,71,Heeley
E00040409,71,Heeley
E00040413,71,Heeley
E00040414,71,Heeley
E00040415,71,Heeley
E00040416,71,Heeley
E00040417,71,Heeley
E00040418,71,Heeley
E00040419,71,Heeley
E00040420,71,Heeley
E00040421,71,Heeley
E00040422,71,Heeley
E00040423,71,Heeley
E00040427,71,Heeley
E00040428,71,Heeley
E00040429,71,Heeley
E00040430,71,Heeley
E00040433,71,Heeley
E00040436,71,Heeley
E00040437,71,Heeley
E00040438,71,Heeley
E00040440,71,Heeley
E00041034,71,Heeley
E00041043,71,Heeley
E00041054,71,Heeley
E00041061,71,Heeley
E00040754,72,Brincliffe
E00040755,72,Brincliffe
E00040757,72,Brincliffe
E00040758,72,Brincliffe
E00040760,72,Brincliffe
E00040761,72,Brincliffe
E00040762,72,Brincliffe
E00040763,72,Brincliffe
E00040764,72,Brincliffe
E00040765,72,Brincliffe
E00040766,72,Brincliffe
E00040767,72,Brincliffe
E00040768,72,Brincliffe
E00040769,72,Brincliffe
E00040770,72,Brincliffe
E00040788,72,Brincliffe
E00040792,72,Brincliffe
E00041070,73,Sharrow
E00041072,73,Sharrow
E00041073,73,Sharrow
E00041074,73,Sharrow
E00041075,73,Sharrow
E00041076,73,Sharrow
E00041077,73,Sharrow
E00041078,73,Sharrow
E00041079,73,Sharrow
E00041083,73,Sharrow
E00041084,73,Sharrow
E00041085,73,Sharrow
E00041086,73,Sharrow
E00041087,73,Sharrow
E00041088,73,Sharrow
E00041089,73,Sharrow
E00041090,73,Sharrow
E00041091,73,Sharrow
E00041092,73,Sharrow
E00041109,73,Sharrow
E00041111,73,Sharrow
E00041113,73,Sharrow
E00041116,73,Sharrow
E00041117,73,Sharrow
E00041118,73,Sharrow
E00041119,73,Sharrow
E00041120,73,Sharrow
E00172446,73,Sharrow
E00172506,73,Sharrow
E00172540,73,Sharrow
E00041068,74,Highfield
E00041071,74,Highfield
E00041080,74,Highfield
E00041081,74,Highfield
E00041082,74,Highfield
E00041099,74,Highfield
E00041112,74,Highfield
E00041114,74,Highfield
E00041121,74,Highfield
E00172448,74,Highfield
E00172449,74,Highfield
E00172450,74,Highfield
E00172478,74,Highfield
E00172500,74,Highfield
E00172501,74,Highfield
E00172503,74,Highfield
E00172504,74,Highfield
E00172505,74,Highfield
E00172507,74,Highfield
E00172508,74,Highfield
E00041066,75,Broomhall
E00041093,75,Broomhall
E00041094,75,Broomhall
E00041095,75,Broomhall
E00041097,75,Broomhall
E00041098,75,Broomhall
E00041100,75,Broomhall
E00041101,75,Broomhall
E00041102,75,Broomhall
E00041103,75,Broomhall
E00041104,75,Broomhall
E00041105,75,Broomhall
E00041106,75,Broomhall
E00041107,75,Broomhall
E00041110,75,Broomhall
E00172441,75,Broomhall
E00172442,75,Broomhall
E00172443,75,Broomhall
E00172447,75,Broomhall
E00172451,75,Broomhall
E00039806,76,Endcliffe
E00039807,76,Endcliffe
E00039810,76,Endcliffe
E00039811,76,Endcliffe
E00039812,76,Endcliffe
E00039815,76,Endcliffe
E00039816,76,Endcliffe
E00039818,76,Endcliffe
E00039820,76,Endcliffe
E00039823,76,Endcliffe
E00039825,76,Endcliffe
E00039826,76,Endcliffe
E00039849,76,Endcliffe
E00172444,76,Endcliffe
E00172454,76,Endcliffe
E00172481,76,Endcliffe
E00172483,76,Endcliffe
E00172528,76,Endcliffe
E00172539,76,Endcliffe
E00172542,76,Endcliffe
E00172547,76,Endcliffe
E00039800,77,Broomhill
E00039801,77,Broomhill
E00039802,77,Broomhill
E00039804,77,Broomhill
E00039814,77,Broomhill
E00039835,77,Broomhill
E00039836,77,Broomhill
E00039837,77,Broomhill
E00039838,77,Broomhill
E00039839,77,Broomhill
E00039840,77,Broomhill
E00039841,77,Broomhill
E00039842,77,Broomhill
E00039843,77,Broomhill
E00039844,77,Broomhill
E00039845,77,Broomhill
E00039846,77,Broomhill
E00039847,77,Broomhill
E00172480,77,Broomhill
E00172482,77,Broomhill
E00040860,78,Crookesmoor
E00040864,78,Crookesmoor
E00040865,78,Crookesmoor
E00040889,78,Crookesmoor
E00040894,78,Crookesmoor
E00040895,78,Crookesmoor
E00040901,78,Crookesmoor
E00040903,78,Crookesmoor
E00040866,79,Netherthorpe
E00040886,79,Netherthorpe
E00040891,79,Netherthorpe
E00040897,79,Netherthorpe
E00040900,79,Netherthorpe
E00040904,79,Netherthorpe
E00040906,79,Netherthorpe
E00040907,79,Netherthorpe
E00040908,79,Netherthorpe
E00040909,79,Netherthorpe
E00172406,79,Netherthorpe
E00172422,79,Netherthorpe
E00172496,79,Netherthorpe
E00172497,79,Netherthorpe
E00172498,79,Netherthorpe
E00172512,79,Netherthorpe
E00172533,79,Netherthorpe
E00040855,80,Upperthorpe
E00040856,80,Upperthorpe
E00040859,80,Upperthorpe
E00040875,80,Upperthorpe
E00040877,80,Upperthorpe
E00040878,80,Upperthorpe
E00040880,80,Upperthorpe
E00040882,80,Upperthorpe
E00040883,80,Upperthorpe
E00040887,80,Upperthorpe
E00040888,80,Upperthorpe
E00040975,81,Langsett
E00041298,81,Langsett
E00041313,81,Langsett
E00041314,81,Langsett
E00041315,81,Langsett
E00041316,81,Langsett
E00041330,81,Langsett
E00041331,81,Langsett
E00041332,81,Langsett
E00041333,81,Langsett
E00041335,81,Langsett
E00041338,81,Langsett
E00041339,81,Langsett
E00041340,81,Langsett
E00041341,81,Langsett
E00041344,81,Langsett
E00041345,81,Langsett
E00041350,81,Langsett
E00041301,82,Walkley
E00041303,82,Walkley
E00041304,82,Walkley
E00041307,82,Walkley
E00041308,82,Walkley
E00041309,82,Walkley
E00041311,82,Walkley
E00041343,82,Walkley
E00041346,82,Walkley
E00041347,82,Walkley
E00041348,82,Walkley
E00041351,82,Walkley
E00041353,82,Walkley
E00041354,82,Walkley
E00041355,82,Walkley
E00041357,82,Walkley
E00041359,82,Walkley
E00041361,82,Walkley
E00041299,83,Walkley Bank
E00041300,83,Walkley Bank
E00041305,83,Walkley Bank
E00041306,83,Walkley Bank
E00041334,83,Walkley Bank
E00041336,83,Walkley Bank
E00041337,83,Walkley Bank
E00041342,83,Walkley Bank
E00041349,83,Walkley Bank
E00041352,83,Walkley Bank
E00041358,83,Walkley Bank
E00041360,83,Walkley Bank
E00040475,84,Woodland View
E00040476,84,Woodland View
E00040477,84,Woodland View
E00040478,84,Woodland View
E00040479,84,Woodland View
E00040500,84,Woodland View
E00040501,84,Woodland View
E00040502,84,Woodland View
E00040503,84,Woodland View
E00040504,84,Woodland View
E00040505,84,Woodland View
E00040506,84,Woodland View
E00041302,84,Woodland View
E00041310,84,Woodland View
E00041317,84,Woodland View
E00041319,84,Woodland View
E00041321,84,Woodland View
E00041322,84,Woodland View
E00041323,84,Woodland View
E00041324,84,Woodland View
E00041356,84,Woodland View
E00041362,84,Woodland View
E00041172,85,Stannington
E00041173,85,Stannington
E00041202,85,Stannington
E00041203,85,Stannington
E00041204,85,Stannington
E00041205,85,Stannington
E00041206,85,Stannington
E00041207,85,Stannington
E00041208,85,Stannington
E00041209,85,Stannington
E00041210,85,Stannington
E00041211,85,Stannington
E00041212,85,Stannington
E00041213,85,Stannington
E00041214,85,Stannington
E00040279,86,Crookes
E00040307,86,Crookes
E00040309,86,Crookes
E00040310,86,Crookes
E00040311,86,Crookes
E00040312,86,Crookes
E00040313,86,Crookes
E00040314,86,Crookes
E00040317,86,Crookes
E00040319,86,Crookes
E00040321,86,Crookes
E00040322,86,Crookes
E00040857,86,Crookes
E00040858,86,Crookes
E00040861,86,Crookes
E00040862,86,Crookes
E00040863,86,Crookes
E00040867,86,Crookes
E00040879,86,Crookes
E00040884,86,Crookes
E00040885,86,Crookes
E00040890,86,Crookes
E00040892,86,Crookes
E00040893,86,Crookes
E00040896,86,Crookes
E00040898,86,Crookes
E00040899,86,Crookes
E00040902,86,Crookes
E00040905,86,Crookes
E00041312,86,Crookes
E00041318,86,Crookes
E00041320,86,Crookes
E00041325,86,Crookes
E00041327,86,Crookes
E00041328,86,Crookes
E00041329,86,Crookes
E00040272,87,Crosspool
E00040273,87,Crosspool
E00040274,87,Crosspool
E00040280,87,Crosspool
E00040281,87,Crosspool
E00040282,87,Crosspool
E00040283,87,Crosspool
E00040308,87,Crosspool
E00040315,87,Crosspool
E00040316,87,Crosspool
E00040318,87,Crosspool
E00040320,87,Crosspool
E00040323,87,Crosspool
E00040324,87,Crosspool
E00040325,87,Crosspool
E00040326,87,Crosspool
E00040327,87,Crosspool
E00040328,87,Crosspool
E00040329,87,Crosspool
E00040330,87,Crosspool
E00040331,87,Crosspool
E00040332,87,Crosspool
E00040333,87,Crosspool
E00039808,88,Ranmoor
E00039813,88,Ranmoor
E00039817,88,Ranmoor
E00039819,88,Ranmoor
E00039821,88,Ranmoor
E00039822,88,Ranmoor
E00039824,88,Ranmoor
E00039827,88,Ranmoor
E00039828,88,Ranmoor
E00039829,88,Ranmoor
E00039830,88,Ranmoor
E00039831,88,Ranmoor
E00039832,88,Ranmoor
E00039833,88,Ranmoor
E00039834,88,Ranmoor
E00039850,88,Ranmoor
E00040746,89,Nether Edge
E00040747,89,Nether Edge
E00040748,89,Nether Edge
E00040749,89,Nether Edge
E00040750,89,Nether Edge
E00040751,89,Nether Edge
E00040752,89,Nether Edge
E00040753,89,Nether Edge
E00040756,89,Nether Edge
E00040759,89,Nether Edge
E00040771,89,Nether Edge
E00040772,89,Nether Edge
E00040773,89,Nether Edge
E00040774,89,Nether Edge
E00040775,89,Nether Edge
E00040776,89,Nether Edge
E00040777,89,Nether Edge
E00040778,89,Nether Edge
E00040779,89,Nether Edge
E00040780,89,Nether Edge
E00040781,89,Nether Edge
E00040782,89,Nether Edge
E00040783,89,Nether Edge
E00040784,89,Nether Edge
E00040785,89,Nether Edge
E00040786,89,Nether Edge
E00040787,89,Nether Edge
E00040789,89,Nether Edge
E00040790,89,Nether Edge
E00040791,89,Nether Edge
E00040793,89,Nether Edge
E00040794,89,Nether Edge
E00040795,89,Nether Edge
E00040796,89,Nether Edge
E00040797,89,Nether Edge
E00040798,89,Nether Edge
E00040799,89,Nether Edge
E00040153,90,Greystones
E00040154,90,Greystones
E00040155,90,Greystones
E00040156,90,Greystones
E00040157,90,Greystones
E00040158,90,Greystones
E00040159,90,Greystones
E00040174,90,Greystones
E00040175,90,Greystones
E00040176,90,Greystones
E00040177,90,Greystones
E00040178,90,Greystones
E00040179,90,Greystones
E00040180,90,Greystones
E00040181,90,Greystones
E00040182,90,Greystones
E00040184,90,Greystones
E00040185,90,Greystones
E00040186,90,Greystones
E00040187,90,Greystones
E00040188,90,Greystones
E00040189,90,Greystones
E00040190,90,Greystones
E00040192,90,Greystones
E00040194,90,Greystones
E00040162,91,Millhouses
E00040163,91,Millhouses
E00040166,91,Millhouses
E00040169,91,Millhouses
E00040170,91,Millhouses
E00040201,91,Millhouses
E00040204,91,Millhouses
E00040206,91,Millhouses
E00040209,91,Millhouses
E00040212,91,Millhouses
E00040213,91,Millhouses
E00040214,91,Millhouses
E00040215,91,Millhouses
E00040160,92,Ecclesall
E00040161,92,Ecclesall
E00040196,92,Ecclesall
E00040198,92,Ecclesall
E00040203,92,Ecclesall
E00040205,92,Ecclesall
E00040207,92,Ecclesall
E00040210,92,Ecclesall
E00040211,92,Ecclesall
E00040164,93,Whirlow / Abbeydale
E00040165,93,Whirlow / Abbeydale
E00040167,93,Whirlow / Abbeydale
E00040168,93,Whirlow / Abbeydale
E00040171,93,Whirlow / Abbeydale
E00040172,93,Whirlow / Abbeydale
E00040173,93,Whirlow / Abbeydale
E00040208,93,Whirlow / Abbeydale
E00040183,94,Bents Green
E00040191,94,Bents Green
E00040193,94,Bents Green
E00040195,94,Bents Green
E00040197,94,Bents Green
E00040199,94,Bents Green
E00040200,94,Bents Green
E00040202,94,Bents Green
E00040275,95,Lodge Moor
E00040276,95,Lodge Moor
E00040286,95,Lodge Moor
E00040287,95,Lodge Moor
E00040290,95,Lodge Moor
E00040293,95,Lodge Moor
E00172548,95,Lodge Moor
E00172549,95,Lodge Moor
E00172550,95,Lodge Moor
E00040277,96,Fulwood
E00040278,96,Fulwood
E00040284,96,Fulwood
E00040285,96,Fulwood
E00040289,96,Fulwood
E00040291,96,Fulwood
E00040292,96,Fulwood
E00040294,96,Fulwood
E00040295,96,Fulwood
E00040297,96,Fulwood
E00040298,96,Fulwood
E00040299,96,Fulwood
E00040300,96,Fulwood
E00040301,96,Fulwood
E00040302,96,Fulwood
E00040303,96,Fulwood
E00040304,96,Fulwood
E00040305,96,Fulwood
E00040306,96,Fulwood
E00040088,97,Dore
E00040089,97,Dore
E00040095,97,Dore
E00040096,97,Dore
E00040097,97,Dore
E00040098,97,Dore
E00040099,97,Dore
E00040103,97,Dore
E00040104,97,Dore
E00040105,97,Dore
E00040110,97,Dore
E00040111,97,Dore
E00040112,97,Dore
E00040113,97,Dore
E00040114,97,Dore
E00040117,97,Dore
E00040124,97,Dore
E00040125,97,Dore
E00040132,97,Dore
E00040148,97,Dore
E00040149,97,Dore
E00040150,97,Dore
E00040151,97,Dore
E00040152,97,Dore
E00040092,98,Totley
E00040093,98,Totley
E00040094,98,Totley
E00040135,98,Totley
E00040136,98,Totley
E00040140,98,Totley
E00040141,98,Totley
E00040142,98,Totley
E00040143,98,Totley
E00040144,98,Totley
E00040145,98,Totley
E00040146,98,Totley
E00040147,98,Totley
E00040087,99,Bradway
E00040090,99,Bradway
E00040091,99,Bradway
E00040100,99,Bradway
E00040107,99,Bradway
E00040118,99,Bradway
E00040120,99,Bradway
E00040121,99,Bradway
E00040123,99,Bradway
E00040126,99,Bradway
E00040133,99,Bradway
E00040137,99,Bradway
E00040138,99,Bradway
E00040139,99,Bradway
E00040873,100,City Centre
E00040874,100,City Centre
E00172404,100,City Centre
E00172405,100,City Centre
E00172407,100,City Centre
E00172408,100,City Centre
E00172409,100,City Centre
E00172410,100,City Centre
E00172411,100,City Centre
E00172412,100,City Centre
E00172413,100,City Centre
E00172414,100,City Centre
E00172415,100,City Centre
E00172416,100,City Centre
E00172417,100,City Centre
E00172418,100,City Centre
E00172419,100,City Centre
E00172420,100,City Centre
E00172421,100,City Centre
E00172423,100,City Centre
E00172445,100,City Centre
E00172452,100,City Centre
E00172458,100,City Centre
E00172459,100,City Centre
E00172460,100,City Centre
E00172484,100,City Centre
E00172485,100,City Centre
E00172493,100,City Centre
E00172494,100,City Centre
E00172495,100,City Centre
E00172499,100,City Centre
E00172502,100,City Centre
E00172529,100,City Centre
E00172531,100,City Centre
E00172532,100,City Centre
E00172534,100,City Centre
E00172537,100,City Centre
